{"cameraMode":{"drawMode":0,"name":"Shaded","section":"Shading Mode"},"sceneLighting":false,"audioPlay":false,"sceneViewState":{"m_AlwaysRefresh":false,"showFog":true,"showSkybox":false,"showFlares":true,"showImageEffects":true,"showParticleSystems":true,"showVisualEffectGraphs":true,"m_FxEnabled":true},"in2DMode":false,"pivot":{"x":-0.12900042533874513,"y":2.239999771118164,"z":84.4893798828125},"rotation":{"x":0.007738384418189526,"y":0.12835447490215302,"z":0.0009954822016879917,"w":-0.9917248487472534},"size":5.362834453582764,"orthographic":false}